Address,PatternWritten,ReadbackValues,Tags
0x00000000,00000000,"000000000|000000000|000000000|000000000|000000000","OK|OK|OK|OK|OK"
0x00000000,FFFFFFFF,"000000000|000000000|000000dfe|000000dfe|000000dfe","LAG-1 (exp:00000000)|LAG-1 (exp:00000000)|FAIL|FAIL|FAIL"
0x00000000,AAAAAAAA,"000000dfe|000000000|000000dfe|000000dfe|000000dfe","FAIL|LAG-2 (exp:00000000)|FAIL|FAIL|FAIL"
0x00000000,55555555,"000000dfe|000000000|000000dfe|000000dfe|000000dfe","FAIL|LAG-3 (exp:00000000)|FAIL|FAIL|FAIL"
0x00000000,DEADBEEF,"000000dfe|000000000|000000dfe|000000dfe|000000dfe","FAIL|LAG-4 (exp:00000000)|FAIL|FAIL|FAIL"
0x00000000,CAFEBABE,"000000dfe|000000000|000000dfe|000000dfe|000000dfe","FAIL|LAG-5 (exp:00000000)|FAIL|FAIL|FAIL"
0x00000000,12345678,"000000dfe|000000000|000000dfe|000000dfe|000000dfe","FAIL|LAG-6 (exp:00000000)|FAIL|FAIL|FAIL"
0x00000000,87654321,"000000dfe|000000000|000000dfe|000000dfe|000000dfe","FAIL|LAG-7 (exp:00000000)|FAIL|FAIL|FAIL"
0x00000000,F0F0F0F0,"000000dfe|000000000|000000dfe|000000dfe|000000dfe","FAIL|LAG-8 (exp:00000000)|FAIL|FAIL|FAIL"
0x00000000,0F0F0F0F,"000000dfe|000000000|000000dfe|000000dfe|000000dfe","FAIL|LAG-9 (exp:00000000)|FAIL|FAIL|FAIL"
0x00000000,B9125134,"000000dfe|000000000|000000dfe|000000dfe|000000dfe","FAIL|LAG-10 (exp:00000000)|FAIL|FAIL|FAIL"
0x00000000,F6108000,"000000dfe|000000000|000000dfe|000000dfe|000000dfe","FAIL|LAG-11 (exp:00000000)|FAIL|FAIL|FAIL"
0x00000000,D9285A15,"000000dfe|000000000|000000dfe|000000dfe|000000dfe","FAIL|LAG-12 (exp:00000000)|FAIL|FAIL|FAIL"
0x00000000,BB93024A,"000000dfe|000000000|000000dfe|000000dfe|000000dfe","FAIL|LAG-13 (exp:00000000)|FAIL|FAIL|FAIL"
0x00000000,996B0914,"000000dfe|000000000|000000dfe|000000dfe|000000dfe","FAIL|LAG-14 (exp:00000000)|FAIL|FAIL|FAIL"
0x00000000,5AB427C8,"000000dfe|000000000|000000dfe|000000dfe|000000dfe","FAIL|LAG-15 (exp:00000000)|FAIL|FAIL|FAIL"
0x00000000,C74B5E4E,"000000dfe|000000000|000000dfe|000000dfe|000000dfe","FAIL|LAG-16 (exp:00000000)|FAIL|FAIL|FAIL"
0x00000000,116532CC,"000000dfe|000000000|000000dfe|000000dfe|000000dfe","FAIL|LAG-17 (exp:00000000)|FAIL|FAIL|FAIL"
0x00000000,22CD0CD0,"000000dfe|000000000|000000dfe|000000dfe|000000dfe","FAIL|LAG-18 (exp:00000000)|FAIL|FAIL|FAIL"
0x00000000,E51AAF27,"000000dfe|000000000|000000dfe|000000dfe|000000dfe","FAIL|LAG-19 (exp:00000000)|FAIL|FAIL|FAIL"
0x00000000,31A222FF,"000000dfe|000000000|000000dfe|000000dfe|000000dfe","FAIL|LAG-20 (exp:00000000)|FAIL|FAIL|FAIL"
0x00000000,3E839C90,"000000dfe|000000000|000000dfe|000000dfe|000000dfe","FAIL|FAIL|FAIL|FAIL|FAIL"
0x00000000,E7A6D5D8,"000000dfe|000000000|000000dfe|000000dfe|000000dfe","FAIL|FAIL|FAIL|FAIL|FAIL"
0x00000000,38D5FF77,"000000dfe|000000000|000000dfe|000000dfe|000000dfe","FAIL|FAIL|FAIL|FAIL|FAIL"
0x00000000,E9AEC44D,"000000dfe|000000000|000000dfe|000000dfe|000000dfe","FAIL|FAIL|FAIL|FAIL|FAIL"
0x00000004,00000000,"000000dfe|000000000|000000dfe|000000dfe|000000dfe","FAIL|OK|FAIL|FAIL|FAIL"
0x00000004,FFFFFFFF,"ee9aec44d|ee9aec44d|ee9aec44d|ee9aec44d|ee9aec44d","FAIL|FAIL|FAIL|FAIL|FAIL"
0x00000004,AAAAAAAA,"ee9aec44d|ee9aec44d|ee9aec44d|ee9aec44d|ee9aec44d","FAIL|FAIL|FAIL|FAIL|FAIL"
0x00000004,55555555,"ee9aec44d|ee9aec44d|ee9aec44d|ee9aec44d|ee9aec44d","FAIL|FAIL|FAIL|FAIL|FAIL"
0x00000004,DEADBEEF,"ee9aec44d|ee9aec44d|ee9aec44d|ee9aec44d|ee9aec44d","FAIL|FAIL|FAIL|FAIL|FAIL"
0x00000004,CAFEBABE,"ee9aec44d|ee9aec44d|ee9aec44d|ee9aec44d|ee9aec44d","FAIL|FAIL|FAIL|FAIL|FAIL"
0x00000004,12345678,"ee9aec44d|ee9aec44d|ee9aec44d|ee9aec44d|ee9aec44d","FAIL|FAIL|FAIL|FAIL|FAIL"
0x00000004,87654321,"ee9aec44d|ee9aec44d|ee9aec44d|ee9aec44d|ee9aec44d","FAIL|FAIL|FAIL|FAIL|FAIL"
0x00000004,F0F0F0F0,"ee9aec44d|ee9aec44d|ee9aec44d|ee9aec44d|ee9aec44d","FAIL|FAIL|FAIL|FAIL|FAIL"
0x00000004,0F0F0F0F,"ee9aec44d|ee9aec44d|ee9aec44d|ee9aec44d|ee9aec44d","FAIL|FAIL|FAIL|FAIL|FAIL"
0x00000004,B9125134,"ee9aec44d|ee9aec44d|ee9aec44d|ee9aec44d|ee9aec44d","FAIL|FAIL|FAIL|FAIL|FAIL"
0x00000004,F6108000,"ee9aec44d|ee9aec44d|ee9aec44d|ee9aec44d|ee9aec44d","FAIL|FAIL|FAIL|FAIL|FAIL"
0x00000004,D9285A15,"ee9aec44d|ee9aec44d|ee9aec44d|ee9aec44d|ee9aec44d","FAIL|FAIL|FAIL|FAIL|FAIL"
0x00000004,BB93024A,"ee9aec44d|ee9aec44d|ee9aec44d|ee9aec44d|ee9aec44d","FAIL|FAIL|FAIL|FAIL|FAIL"
0x00000004,996B0914,"ee9aec44d|ee9aec44d|ee9aec44d|ee9aec44d|ee9aec44d","FAIL|FAIL|FAIL|FAIL|FAIL"
0x00000004,5AB427C8,"ee9aec44d|ee9aec44d|ee9aec44d|ee9aec44d|ee9aec44d","FAIL|FAIL|FAIL|FAIL|FAIL"
0x00000004,C74B5E4E,"ee9aec44d|ee9aec44d|ee9aec44d|ee9aec44d|ee9aec44d","FAIL|FAIL|FAIL|FAIL|FAIL"
0x00000004,116532CC,"ee9aec44d|ee9aec44d|ee9aec44d|ee9aec44d|ee9aec44d","FAIL|FAIL|FAIL|FAIL|FAIL"
0x00000004,22CD0CD0,"ee9aec44d|ee9aec44d|ee9aec44d|ee9aec44d|ee9aec44d","FAIL|FAIL|FAIL|FAIL|FAIL"
0x00000004,E51AAF27,"ee9aec44d|ee9aec44d|ee9aec44d|ee9aec44d|ee9aec44d","FAIL|FAIL|FAIL|FAIL|FAIL"
0x00000004,31A222FF,"ee9aec44d|ee9aec44d|ee9aec44d|ee9aec44d|ee9aec44d","FAIL|FAIL|FAIL|FAIL|FAIL"
0x00000004,3E839C90,"ee9aec44d|ee9aec44d|ee9aec44d|ee9aec44d|ee9aec44d","FAIL|FAIL|FAIL|FAIL|FAIL"
0x00000004,E7A6D5D8,"ee9aec44d|ee9aec44d|ee9aec44d|ee9aec44d|ee9aec44d","FAIL|FAIL|FAIL|FAIL|FAIL"
0x00000004,38D5FF77,"ee9aec44d|ee9aec44d|ee9aec44d|ee9aec44d|ee9aec44d","FAIL|FAIL|FAIL|FAIL|FAIL"
0x00000004,E9AEC44D,"ee9aec44d|ee9aec44d|ee9aec44d|ee9aec44d|ee9aec44d","OK|OK|OK|OK|OK"
0x00000008,00000000,"ee9aec44d|ee9aec44d|ee9aec44d|ee9aec44d|ee9aec44d","FAIL|FAIL|FAIL|FAIL|FAIL"
0x00000008,FFFFFFFF,"ee9aec44d|ee9aec44d|ee9aec44d|ee9aec44d|ee9aec44d","FAIL|FAIL|FAIL|FAIL|FAIL"
0x00000008,AAAAAAAA,"ee9aec44d|ee9aec44d|ee9aec44d|ee9aec44d|ee9aec44d","FAIL|FAIL|FAIL|FAIL|FAIL"
0x00000008,55555555,"ee9aec44d|ee9aec44d|ee9aec44d|ee9aec44d|ee9aec44d","FAIL|FAIL|FAIL|FAIL|FAIL"
0x00000008,DEADBEEF,"ee9aec44d|ee9aec44d|ee9aec44d|ee9aec44d|ee9aec44d","FAIL|FAIL|FAIL|FAIL|FAIL"
0x00000008,CAFEBABE,"ee9aec44d|ee9aec44d|ee9aec44d|ee9aec44d|ee9aec44d","FAIL|FAIL|FAIL|FAIL|FAIL"
0x00000008,12345678,"ee9aec44d|ee9aec44d|ee9aec44d|ee9aec44d|ee9aec44d","FAIL|FAIL|FAIL|FAIL|FAIL"
0x00000008,87654321,"ee9aec44d|ee9aec44d|ee9aec44d|ee9aec44d|ee9aec44d","FAIL|FAIL|FAIL|FAIL|FAIL"
0x00000008,F0F0F0F0,"ee9aec44d|ee9aec44d|ee9aec44d|ee9aec44d|ee9aec44d","FAIL|FAIL|FAIL|FAIL|FAIL"
0x00000008,0F0F0F0F,"ee9aec44d|ee9aec44d|ee9aec44d|ee9aec44d|ee9aec44d","FAIL|FAIL|FAIL|FAIL|FAIL"
0x00000008,B9125134,"ee9aec44d|ee9aec44d|ee9aec44d|ee9aec44d|ee9aec44d","FAIL|FAIL|FAIL|FAIL|FAIL"
0x00000008,F6108000,"ee9aec44d|ee9aec44d|ee9aec44d|ee9aec44d|ee9aec44d","FAIL|FAIL|FAIL|FAIL|FAIL"
0x00000008,D9285A15,"ee9aec44d|ee9aec44d|ee9aec44d|ee9aec44d|ee9aec44d","FAIL|FAIL|FAIL|FAIL|FAIL"
0x00000008,BB93024A,"ee9aec44d|ee9aec44d|ee9aec44d|ee9aec44d|ee9aec44d","FAIL|FAIL|FAIL|FAIL|FAIL"
0x00000008,996B0914,"ee9aec44d|ee9aec44d|ee9aec44d|ee9aec44d|ee9aec44d","FAIL|FAIL|FAIL|FAIL|FAIL"
0x00000008,5AB427C8,"ee9aec44d|ee9aec44d|ee9aec44d|ee9aec44d|ee9aec44d","FAIL|FAIL|FAIL|FAIL|FAIL"
0x00000008,C74B5E4E,"ee9aec44d|ee9aec44d|ee9aec44d|ee9aec44d|ee9aec44d","FAIL|FAIL|FAIL|FAIL|FAIL"
0x00000008,116532CC,"ee9aec44d|ee9aec44d|ee9aec44d|ee9aec44d|ee9aec44d","FAIL|FAIL|FAIL|FAIL|FAIL"
0x00000008,22CD0CD0,"ee9aec44d|ee9aec44d|ee9aec44d|ee9aec44d|ee9aec44d","FAIL|FAIL|FAIL|FAIL|FAIL"
0x00000008,E51AAF27,"ee9aec44d|ee9aec44d|ee9aec44d|ee9aec44d|ee9aec44d","FAIL|FAIL|FAIL|FAIL|FAIL"
0x00000008,31A222FF,"ee9aec44d|ee9aec44d|ee9aec44d|ee9aec44d|ee9aec44d","FAIL|FAIL|FAIL|FAIL|FAIL"
0x00000008,3E839C90,"ee9aec44d|ee9aec44d|ee9aec44d|ee9aec44d|ee9aec44d","FAIL|FAIL|FAIL|FAIL|FAIL"
0x00000008,E7A6D5D8,"ee9aec44d|ee9aec44d|ee9aec44d|ee9aec44d|ee9aec44d","FAIL|FAIL|FAIL|FAIL|FAIL"
0x00000008,38D5FF77,"ee9aec44d|ee9aec44d|ee9aec44d|ee9aec44d|ee9aec44d","FAIL|FAIL|FAIL|FAIL|FAIL"
0x00000008,E9AEC44D,"ee9aec44d|ee9aec44d|ee9aec44d|ee9aec44d|ee9aec44d","OK|OK|OK|OK|OK"
0x00000100,00000000,"ee9aec44d|ee9aec44d|ee9aec44d|ee9aec44d|ee9aec44d","FAIL|FAIL|FAIL|FAIL|FAIL"
0x00000100,FFFFFFFF,"000000dfe|000000000|fffffffbf|fffffffbf|fffffffbf","FAIL|LAG-1 (exp:00000000)|FAIL|FAIL|FAIL"
0x00000100,AAAAAAAA,"fffffffbf|000000000|fffffffbf|fffffffbf|fffffffbf","NEAR-LAG-1 (exp:FFFFFFFF,hd:1)|LAG-2 (exp:00000000)|NEAR-LAG-1 (exp:FFFFFFFF,hd:1)|NEAR-LAG-1 (exp:FFFFFFFF,hd:1)|NEAR-LAG-1 (exp:FFFFFFFF,hd:1)"
0x00000100,55555555,"fffffffbf|000000000|fffffffbf|fffffffbf|fffffffbf","NEAR-LAG-2 (exp:FFFFFFFF,hd:1)|LAG-3 (exp:00000000)|NEAR-LAG-2 (exp:FFFFFFFF,hd:1)|NEAR-LAG-2 (exp:FFFFFFFF,hd:1)|NEAR-LAG-2 (exp:FFFFFFFF,hd:1)"
0x00000100,DEADBEEF,"fffffffbf|000000000|fffffffbf|fffffffbf|fffffffbf","NEAR-LAG-3 (exp:FFFFFFFF,hd:1)|LAG-4 (exp:00000000)|NEAR-LAG-3 (exp:FFFFFFFF,hd:1)|NEAR-LAG-3 (exp:FFFFFFFF,hd:1)|NEAR-LAG-3 (exp:FFFFFFFF,hd:1)"
0x00000100,CAFEBABE,"fffffffbf|000000000|fffffffbf|fffffffbf|fffffffbf","NEAR-LAG-4 (exp:FFFFFFFF,hd:1)|LAG-5 (exp:00000000)|NEAR-LAG-4 (exp:FFFFFFFF,hd:1)|NEAR-LAG-4 (exp:FFFFFFFF,hd:1)|NEAR-LAG-4 (exp:FFFFFFFF,hd:1)"
0x00000100,12345678,"fffffffbf|000000000|fffffffbf|fffffffbf|fffffffbf","NEAR-LAG-5 (exp:FFFFFFFF,hd:1)|LAG-6 (exp:00000000)|NEAR-LAG-5 (exp:FFFFFFFF,hd:1)|NEAR-LAG-5 (exp:FFFFFFFF,hd:1)|NEAR-LAG-5 (exp:FFFFFFFF,hd:1)"
0x00000100,87654321,"fffffffbf|000000000|fffffffbf|fffffffbf|fffffffbf","NEAR-LAG-6 (exp:FFFFFFFF,hd:1)|LAG-7 (exp:00000000)|NEAR-LAG-6 (exp:FFFFFFFF,hd:1)|NEAR-LAG-6 (exp:FFFFFFFF,hd:1)|NEAR-LAG-6 (exp:FFFFFFFF,hd:1)"
0x00000100,F0F0F0F0,"fffffffbf|000000000|fffffffbf|fffffffbf|fffffffbf","NEAR-LAG-7 (exp:FFFFFFFF,hd:1)|LAG-8 (exp:00000000)|NEAR-LAG-7 (exp:FFFFFFFF,hd:1)|NEAR-LAG-7 (exp:FFFFFFFF,hd:1)|NEAR-LAG-7 (exp:FFFFFFFF,hd:1)"
0x00000100,0F0F0F0F,"fffffffbf|000000000|fffffffbf|fffffffbf|fffffffbf","NEAR-LAG-8 (exp:FFFFFFFF,hd:1)|LAG-9 (exp:00000000)|NEAR-LAG-8 (exp:FFFFFFFF,hd:1)|NEAR-LAG-8 (exp:FFFFFFFF,hd:1)|NEAR-LAG-8 (exp:FFFFFFFF,hd:1)"
0x00000100,B9125134,"fffffffbf|000000000|fffffffbf|fffffffbf|fffffffbf","NEAR-LAG-9 (exp:FFFFFFFF,hd:1)|LAG-10 (exp:00000000)|NEAR-LAG-9 (exp:FFFFFFFF,hd:1)|NEAR-LAG-9 (exp:FFFFFFFF,hd:1)|NEAR-LAG-9 (exp:FFFFFFFF,hd:1)"
0x00000100,F6108000,"fffffffbf|000000000|fffffffbf|fffffffbf|fffffffbf","NEAR-LAG-10 (exp:FFFFFFFF,hd:1)|LAG-11 (exp:00000000)|NEAR-LAG-10 (exp:FFFFFFFF,hd:1)|NEAR-LAG-10 (exp:FFFFFFFF,hd:1)|NEAR-LAG-10 (exp:FFFFFFFF,hd:1)"
0x00000100,D9285A15,"fffffffbf|000000000|fffffffbf|fffffffbf|fffffffbf","NEAR-LAG-11 (exp:FFFFFFFF,hd:1)|LAG-12 (exp:00000000)|NEAR-LAG-11 (exp:FFFFFFFF,hd:1)|NEAR-LAG-11 (exp:FFFFFFFF,hd:1)|NEAR-LAG-11 (exp:FFFFFFFF,hd:1)"
0x00000100,BB93024A,"fffffffbf|000000000|fffffffbf|fffffffbf|fffffffbf","NEAR-LAG-12 (exp:FFFFFFFF,hd:1)|LAG-13 (exp:00000000)|NEAR-LAG-12 (exp:FFFFFFFF,hd:1)|NEAR-LAG-12 (exp:FFFFFFFF,hd:1)|NEAR-LAG-12 (exp:FFFFFFFF,hd:1)"
0x00000100,996B0914,"fffffffbf|000000000|fffffffbf|fffffffbf|fffffffbf","NEAR-LAG-13 (exp:FFFFFFFF,hd:1)|LAG-14 (exp:00000000)|NEAR-LAG-13 (exp:FFFFFFFF,hd:1)|NEAR-LAG-13 (exp:FFFFFFFF,hd:1)|NEAR-LAG-13 (exp:FFFFFFFF,hd:1)"
0x00000100,5AB427C8,"fffffffbf|000000000|fffffffbf|fffffffbf|fffffffbf","NEAR-LAG-14 (exp:FFFFFFFF,hd:1)|LAG-15 (exp:00000000)|NEAR-LAG-14 (exp:FFFFFFFF,hd:1)|NEAR-LAG-14 (exp:FFFFFFFF,hd:1)|NEAR-LAG-14 (exp:FFFFFFFF,hd:1)"
0x00000100,C74B5E4E,"fffffffbf|000000000|fffffffbf|fffffffbf|fffffffbf","NEAR-LAG-15 (exp:FFFFFFFF,hd:1)|LAG-16 (exp:00000000)|NEAR-LAG-15 (exp:FFFFFFFF,hd:1)|NEAR-LAG-15 (exp:FFFFFFFF,hd:1)|NEAR-LAG-15 (exp:FFFFFFFF,hd:1)"
0x00000100,116532CC,"fffffffbf|000000000|fffffffbf|fffffffbf|fffffffbf","NEAR-LAG-16 (exp:FFFFFFFF,hd:1)|LAG-17 (exp:00000000)|NEAR-LAG-16 (exp:FFFFFFFF,hd:1)|NEAR-LAG-16 (exp:FFFFFFFF,hd:1)|NEAR-LAG-16 (exp:FFFFFFFF,hd:1)"
0x00000100,22CD0CD0,"fffffffbf|000000000|fffffffbf|fffffffbf|fffffffbf","NEAR-LAG-17 (exp:FFFFFFFF,hd:1)|LAG-18 (exp:00000000)|NEAR-LAG-17 (exp:FFFFFFFF,hd:1)|NEAR-LAG-17 (exp:FFFFFFFF,hd:1)|NEAR-LAG-17 (exp:FFFFFFFF,hd:1)"
0x00000100,E51AAF27,"fffffffbf|000000000|fffffffbf|fffffffbf|fffffffbf","NEAR-LAG-18 (exp:FFFFFFFF,hd:1)|LAG-19 (exp:00000000)|NEAR-LAG-18 (exp:FFFFFFFF,hd:1)|NEAR-LAG-18 (exp:FFFFFFFF,hd:1)|NEAR-LAG-18 (exp:FFFFFFFF,hd:1)"
0x00000100,31A222FF,"fffffffbf|000000000|fffffffbf|fffffffbf|fffffffbf","NEAR-LAG-19 (exp:FFFFFFFF,hd:1)|LAG-20 (exp:00000000)|NEAR-LAG-19 (exp:FFFFFFFF,hd:1)|NEAR-LAG-19 (exp:FFFFFFFF,hd:1)|NEAR-LAG-19 (exp:FFFFFFFF,hd:1)"
0x00000100,3E839C90,"fffffffbf|000000000|fffffffbf|fffffffbf|fffffffbf","NEAR-LAG-20 (exp:FFFFFFFF,hd:1)|FAIL|NEAR-LAG-20 (exp:FFFFFFFF,hd:1)|NEAR-LAG-20 (exp:FFFFFFFF,hd:1)|NEAR-LAG-20 (exp:FFFFFFFF,hd:1)"
0x00000100,E7A6D5D8,"fffffffbf|000000000|fffffffbf|fffffffbf|fffffffbf","FAIL|FAIL|FAIL|FAIL|FAIL"
0x00000100,38D5FF77,"fffffffbf|000000000|fffffffbf|fffffffbf|fffffffbf","FAIL|FAIL|FAIL|FAIL|FAIL"
0x00000100,E9AEC44D,"fffffffbf|000000000|fffffffbf|fffffffbf|fffffffbf","FAIL|FAIL|FAIL|FAIL|FAIL"
0x000003FC,00000000,"fffffffbf|000000000|fffffffbf|fffffffbf|fffffffbf","FAIL|OK|FAIL|FAIL|FAIL"
0x000003FC,FFFFFFFF,"bbbfbbf3b|ccffceff6|ccffceff6|ccffceff6|ccffceff6","FAIL|FAIL|FAIL|FAIL|FAIL"
0x000003FC,AAAAAAAA,"ccffceff6|ccffceff6|ccffceff6|ccffceff6|ccffceff6","NEAR-LAG-1 (exp:FFFFFFFF,hd:7)|NEAR-LAG-1 (exp:FFFFFFFF,hd:7)|NEAR-LAG-1 (exp:FFFFFFFF,hd:7)|NEAR-LAG-1 (exp:FFFFFFFF,hd:7)|NEAR-LAG-1 (exp:FFFFFFFF,hd:7)"
0x000003FC,55555555,"ccffceff6|ccffceff6|ccffceff6|ccffceff6|ccffceff6","NEAR-LAG-2 (exp:FFFFFFFF,hd:7)|NEAR-LAG-2 (exp:FFFFFFFF,hd:7)|NEAR-LAG-2 (exp:FFFFFFFF,hd:7)|NEAR-LAG-2 (exp:FFFFFFFF,hd:7)|NEAR-LAG-2 (exp:FFFFFFFF,hd:7)"
0x000003FC,DEADBEEF,"ccffceff6|ccffceff6|ccffceff6|ccffceff6|ccffceff6","NEAR-LAG-3 (exp:FFFFFFFF,hd:7)|NEAR-LAG-3 (exp:FFFFFFFF,hd:7)|NEAR-LAG-3 (exp:FFFFFFFF,hd:7)|NEAR-LAG-3 (exp:FFFFFFFF,hd:7)|NEAR-LAG-3 (exp:FFFFFFFF,hd:7)"
0x000003FC,CAFEBABE,"ccffceff6|ccffceff6|ccffceff6|ccffceff6|ccffceff6","NEAR-LAG-4 (exp:FFFFFFFF,hd:7)|NEAR-LAG-4 (exp:FFFFFFFF,hd:7)|NEAR-LAG-4 (exp:FFFFFFFF,hd:7)|NEAR-LAG-4 (exp:FFFFFFFF,hd:7)|NEAR-LAG-4 (exp:FFFFFFFF,hd:7)"
0x000003FC,12345678,"ccffceff6|ccffceff6|ccffceff6|ccffceff6|ccffceff6","NEAR-LAG-5 (exp:FFFFFFFF,hd:7)|NEAR-LAG-5 (exp:FFFFFFFF,hd:7)|NEAR-LAG-5 (exp:FFFFFFFF,hd:7)|NEAR-LAG-5 (exp:FFFFFFFF,hd:7)|NEAR-LAG-5 (exp:FFFFFFFF,hd:7)"
0x000003FC,87654321,"ccffceff6|ccffceff6|ccffceff6|ccffceff6|ccffceff6","NEAR-LAG-6 (exp:FFFFFFFF,hd:7)|NEAR-LAG-6 (exp:FFFFFFFF,hd:7)|NEAR-LAG-6 (exp:FFFFFFFF,hd:7)|NEAR-LAG-6 (exp:FFFFFFFF,hd:7)|NEAR-LAG-6 (exp:FFFFFFFF,hd:7)"
0x000003FC,F0F0F0F0,"ccffceff6|ccffceff6|ccffceff6|ccffceff6|ccffceff6","NEAR-LAG-7 (exp:FFFFFFFF,hd:7)|NEAR-LAG-7 (exp:FFFFFFFF,hd:7)|NEAR-LAG-7 (exp:FFFFFFFF,hd:7)|NEAR-LAG-7 (exp:FFFFFFFF,hd:7)|NEAR-LAG-7 (exp:FFFFFFFF,hd:7)"
0x000003FC,0F0F0F0F,"ccffceff6|ccffceff6|ccffceff6|ccffceff6|ccffceff6","NEAR-LAG-8 (exp:FFFFFFFF,hd:7)|NEAR-LAG-8 (exp:FFFFFFFF,hd:7)|NEAR-LAG-8 (exp:FFFFFFFF,hd:7)|NEAR-LAG-8 (exp:FFFFFFFF,hd:7)|NEAR-LAG-8 (exp:FFFFFFFF,hd:7)"
0x000003FC,B9125134,"ccffceff6|ccffceff6|ccffceff6|ccffceff6|ccffceff6","NEAR-LAG-9 (exp:FFFFFFFF,hd:7)|NEAR-LAG-9 (exp:FFFFFFFF,hd:7)|NEAR-LAG-9 (exp:FFFFFFFF,hd:7)|NEAR-LAG-9 (exp:FFFFFFFF,hd:7)|NEAR-LAG-9 (exp:FFFFFFFF,hd:7)"
0x000003FC,F6108000,"ccffceff6|ccffceff6|ccffceff6|ccffceff6|ccffceff6","NEAR-LAG-10 (exp:FFFFFFFF,hd:7)|NEAR-LAG-10 (exp:FFFFFFFF,hd:7)|NEAR-LAG-10 (exp:FFFFFFFF,hd:7)|NEAR-LAG-10 (exp:FFFFFFFF,hd:7)|NEAR-LAG-10 (exp:FFFFFFFF,hd:7)"
0x000003FC,D9285A15,"ccffceff6|ccffceff6|ccffceff6|ccffceff6|ccffceff6","NEAR-LAG-11 (exp:FFFFFFFF,hd:7)|NEAR-LAG-11 (exp:FFFFFFFF,hd:7)|NEAR-LAG-11 (exp:FFFFFFFF,hd:7)|NEAR-LAG-11 (exp:FFFFFFFF,hd:7)|NEAR-LAG-11 (exp:FFFFFFFF,hd:7)"
0x000003FC,BB93024A,"ccffceff6|ccffceff6|ccffceff6|ccffceff6|ccffceff6","NEAR-LAG-12 (exp:FFFFFFFF,hd:7)|NEAR-LAG-12 (exp:FFFFFFFF,hd:7)|NEAR-LAG-12 (exp:FFFFFFFF,hd:7)|NEAR-LAG-12 (exp:FFFFFFFF,hd:7)|NEAR-LAG-12 (exp:FFFFFFFF,hd:7)"
0x000003FC,996B0914,"ccffceff6|ccffceff6|ccffceff6|ccffceff6|ccffceff6","NEAR-LAG-13 (exp:FFFFFFFF,hd:7)|NEAR-LAG-13 (exp:FFFFFFFF,hd:7)|NEAR-LAG-13 (exp:FFFFFFFF,hd:7)|NEAR-LAG-13 (exp:FFFFFFFF,hd:7)|NEAR-LAG-13 (exp:FFFFFFFF,hd:7)"
0x000003FC,5AB427C8,"ccffceff6|ccffceff6|ccffceff6|ccffceff6|ccffceff6","NEAR-LAG-14 (exp:FFFFFFFF,hd:7)|NEAR-LAG-14 (exp:FFFFFFFF,hd:7)|NEAR-LAG-14 (exp:FFFFFFFF,hd:7)|NEAR-LAG-14 (exp:FFFFFFFF,hd:7)|NEAR-LAG-14 (exp:FFFFFFFF,hd:7)"
0x000003FC,C74B5E4E,"ccffceff6|ccffceff6|ccffceff6|ccffceff6|ccffceff6","NEAR-LAG-15 (exp:FFFFFFFF,hd:7)|NEAR-LAG-15 (exp:FFFFFFFF,hd:7)|NEAR-LAG-15 (exp:FFFFFFFF,hd:7)|NEAR-LAG-15 (exp:FFFFFFFF,hd:7)|NEAR-LAG-15 (exp:FFFFFFFF,hd:7)"
0x000003FC,116532CC,"ccffceff6|ccffceff6|ccffceff6|ccffceff6|ccffceff6","NEAR-LAG-16 (exp:FFFFFFFF,hd:7)|NEAR-LAG-16 (exp:FFFFFFFF,hd:7)|NEAR-LAG-16 (exp:FFFFFFFF,hd:7)|NEAR-LAG-16 (exp:FFFFFFFF,hd:7)|NEAR-LAG-16 (exp:FFFFFFFF,hd:7)"
0x000003FC,22CD0CD0,"ccffceff6|ccffceff6|ccffceff6|ccffceff6|ccffceff6","NEAR-LAG-17 (exp:FFFFFFFF,hd:7)|NEAR-LAG-17 (exp:FFFFFFFF,hd:7)|NEAR-LAG-17 (exp:FFFFFFFF,hd:7)|NEAR-LAG-17 (exp:FFFFFFFF,hd:7)|NEAR-LAG-17 (exp:FFFFFFFF,hd:7)"
0x000003FC,E51AAF27,"ccffceff6|ccffceff6|ccffceff6|ccffceff6|ccffceff6","NEAR-LAG-18 (exp:FFFFFFFF,hd:7)|NEAR-LAG-18 (exp:FFFFFFFF,hd:7)|NEAR-LAG-18 (exp:FFFFFFFF,hd:7)|NEAR-LAG-18 (exp:FFFFFFFF,hd:7)|NEAR-LAG-18 (exp:FFFFFFFF,hd:7)"
0x000003FC,31A222FF,"ccffceff6|ccffceff6|ccffceff6|ccffceff6|ccffceff6","NEAR-LAG-19 (exp:FFFFFFFF,hd:7)|NEAR-LAG-19 (exp:FFFFFFFF,hd:7)|NEAR-LAG-19 (exp:FFFFFFFF,hd:7)|NEAR-LAG-19 (exp:FFFFFFFF,hd:7)|NEAR-LAG-19 (exp:FFFFFFFF,hd:7)"
0x000003FC,3E839C90,"ccffceff6|ccffceff6|ccffceff6|ccffceff6|ccffceff6","NEAR-LAG-20 (exp:FFFFFFFF,hd:7)|NEAR-LAG-20 (exp:FFFFFFFF,hd:7)|NEAR-LAG-20 (exp:FFFFFFFF,hd:7)|NEAR-LAG-20 (exp:FFFFFFFF,hd:7)|NEAR-LAG-20 (exp:FFFFFFFF,hd:7)"
0x000003FC,E7A6D5D8,"ccffceff6|ccffceff6|ccffceff6|ccffceff6|ccffceff6","FAIL|FAIL|FAIL|FAIL|FAIL"
0x000003FC,38D5FF77,"ccffceff6|ccffceff6|ccffceff6|ccffceff6|ccffceff6","FAIL|FAIL|FAIL|FAIL|FAIL"
0x000003FC,E9AEC44D,"ccffceff6|ccffceff6|ccffceff6|ccffceff6|ccffceff6","FAIL|FAIL|FAIL|FAIL|FAIL"
